Temperature,Humidity,PM2.5,PM10,NO2,SO2,CO,Proximity_to_Industrial_Areas,Population_Density
31.1,78.8,54.2,63.7,38.3,9.1,1.47,7.6,488.0
22.8,72.8,16.8,25.2,23.0,2.1,1.15,10.3,502.0
23.3,50.4,6.4,13.1,26.7,3.8,1.13,12.3,237.0
22.2,61.2,2.4,5.8,21.6,3.8,1.13,11.5,459.0
22.3,41.6,11.6,16.2,15.3,2.1,1.04,12.2,236.0
32.3,76.8,19.1,38.4,23.9,12.6,1.69,6.2,674.0
39.9,112.1,37.2,54.7,50.8,21.8,2.58,2.8,556.0
31.0,57.1,22.1,27.2,35.5,8.1,1.54,8.5,713.0
32.0,48.9,14.9,36.0,29.4,27.4,2.41,3.9,697.0
30.3,78.9,5.2,8.6,12.5,6.6,0.78,11.0,403.0
24.7,65.4,0.0,2.3,21.9,3.9,0.99,13.7,410.0
21.7,57.9,14.7,20.7,13.6,5.3,0.92,10.3,338.0
25.1,74.2,8.1,10.7,20.2,5.8,1.01,13.6,341.0
30.5,70.7,,30.5,32.8,10.8,1.49,7.5,466.0
24.6,48.4,8.3,15.4,23.3,4.6,1.03,11.2,461.0
36.2,73.7,9.6,32.4,41.4,25.5,1.97,10.0,782.0
37.1,70.6,???,28.2,33.2,5.2,2.49,3.7,711.0
31.8,59.8,25.6,30.9,18.7,error_value,1.09,10.1,326.0
31.2,63.7,24.8,34.8,28.0,5.7,1.43,7.3,616.0
30.1,86.2,18.7,27.7,33.4,9.3,1.57,5.0,479.0
25.0,61.8,4.4,11.0,26.4,3.4,1.05,11.5,397.0
25.5,73.4,13.8,21.4,25.7,3.8,0.95,11.0,194.0
34.5,86.1,9.0,21.6,39.1,7.5,1.79,5.2,450.0
20.3,66.8,18.9,21.1,25.5,5.0,0.96,11.3,416.0
26.1,83.8,33.2,36.9,23.6,2.7,0.82,19.1,310.0
32.6,67.2,45.4,61.4,27.4,5.2,1.43,7.2,470.0
27.5,69.6,23.3,31.1,37.9,9.4,1.57,7.5,505.0
33.7,91.2,17.2,29.0,25.1,12.0,1.43,6.3,505.0
21.8,47.6,24.3,32.4,,7.5,0.96,10.8,428.0
22.9,79.0,21.3,29.3,20.7,6.0,0.98,10.2,588.0
23.0,70.8,1.2,5.8,22.1,6.7,0.88,12.7,266.0
56.0,53.6,6.0,21.7,40.5,9.1,2.46,9.0,718.0
31.6,74.8,28.5,45.8,25.4,16.3,2.29,4.7,782.0
28.8,64.9,16.7,27.9,11.7,5.6,0.85,10.9,562.0
30.2,71.7,18.3,29.4,16.1,8.9,1.48,5.5,479.0
30.4,78.9,17.5,30.8,26.1,7.9,1.39,6.3,608.0
42.3,70.3,22.5,33.9,32.1,22.0,2.82,9.5,672.0
29.6,74.8,15.3,28.4,20.2,10.4,1.45,5.6,373.0
30.7,54.4,1.5,8.9,21.6,11.2,1.73,5.6,565.0
31.5,67.4,36.0,49.0,48.1,14.3,2.34,4.2,799.0
30.8,81.0,11.7,27.0,21.7,6.0,1.73,9.4,443.0
27.1,50.4,45.6,51.1,14.3,6.4,1.1,10.3,371.0
23.0,44.6,23.1,28.1,16.2,9.0,0.95,10.0,437.0
33.3,73.1,21.6,33.1,44.5,7.4,1.98,8.8,723.0
32.6,58.9,30.8,38.8,30.9,17.5,1.85,4.9,448.0
31.9,80.5,10.3,18.2,29.1,17.2,1.72,5.2,373.0
24.0,68.7,18.6,31.1,30.6,7.3,1.44,6.0,588.0
25.0,41.5,3.9,8.1,14.3,4.4,0.83,12.0,957000.0
35.7,49.1,18.1,26.5,29.1,13.4,2.24,3.9,649.0
24.9,63.5,6.1,13.9,17.2,4.3,1.18,16.4,390.0
49.2,81.8,89.9,113.7,48.6,21.6,1.97,2.7,654.0
30.0,61.7,0.1,15.6,19.2,8.0,1.83,5.3,529.0
32.6,87.7,59.1,82.6,33.7,9.4,1.7,5.1,634.0
33.6,63.7,4.7,13.0,24.8,2.7,1.46,6.5,368.0
27.1,101.5,8.8,6.7,44.8,28.1,2.34,2.8,645.0
26.7,71.3,6.2,12.7,23.6,5.9,1.04,11.1,389.0
21.3,71.5,13.4,17.3,19.1,1.1,1.07,11.1,280.0
30.5,62.3,13.3,18.8,19.7,5.2,1.01,11.4,495.0
,55.0,14.8,28.8,27.7,16.4,1.32,5.0,297.0
24.4,59.3,8.9,15.7,26.4,6.6,0.94,10.4,576.0
28.9,53.4,5.4,22.0,26.2,18.6,1.44,6.7,449.0
28.6,83.7,2.5,9.1,24.5,17.5,1.38,6.3,466.0
28.6,78.6,56.8,66.2,24.5,12.1,1.12,5.6,340.0
31.1,67.6,2.2,5.5,11.3,0.8,1.12,10.8,344.0
29.1,68.0,37.5,47.0,30.1,7.9,1.63,7.1,516.0
38.2,78.2,21.3,45.1,29.2,16.5,1.66,4.2,600.0
36.8,105.9,106.8,117.2,44.6,16.0,2.34,7.6,716.0
26.8,64.3,10.7,15.9,26.5,3.8,1.3,12.8,451.0
29.6,83.0,4.0,14.1,22.2,3.2,1.05,11.9,225.0
26.6,63.6,8.9,13.5,30.8,7.9,1.0,13.5,221.0
26.9,53.5,20.0,28.4,29.5,5.3,1.36,8.5,313.0
21.0,94.7,7.6,16.7,35.6,9.9,1.7,5.2,388.0
30.2,75.3,1.0,1.9,41.1,5.7,1.57,4.3,609.0
27.0,50.4,17.4,30.2,19.1,10.5,1.68,5.6,490.0
39.3,64.7,22.6,34.4,38.1,12.2,1.77,3.4,406.0
26.4,70.6,18.8,25.0,26.9,6.3,1.0,16.1,500.0
18.9,51.4,7.2,17.2,18.5,5.8,1.44,5.7,321.0
29.2,64.3,46.3,51.0,26.7,9.8,1.5,6.1,623.0
24.6,55.1,2.8,9.7,19.9,7.0,0.93,10.6,448.0
18.7,66.1,45.5,51.5,22.7,6.3,1.03,17.2,384.0
25.0,77.6,0.7,7.6,17.4,8.0,1.74,5.2,317.0
30.0,39.0,8.7,13.1,15.1,6.2,0.95,11.8,492.0
42.6,98.3,5.8,11.7,35.4,25.2,2.33,8.4,561.0
27.2,52.7,7.4,13.9,22.2,5.4,0.94,11.4,577.0
30.6,80.3,4.5,13.8,25.9,4.9,1.32,5.0,333.0
34.4,65.0,21.5,34.5,24.3,10.3,1.57,8.6,583.0
24.2,69.8,4.9,9.5,18.5,3.3,1.03,16.0,423.0
25.4,47.1,10.1,13.7,29.1,4.7,0.97,10.3,578.0
34.9,76.2,7.3,17.0,24.4,2.9,1.59,10.2,660.0
23.2,57.5,17.8,26.2,11.0,2.9,1.19,10.4,500.0
24.1,51.4,37.6,41.3,15.7,8.8,1.01,11.1,244.0
36.6,91.9,10.5,20.2,22.9,5.5,1.58,6.4,409.0
28.6,65.9,0.9,4.4,13.1,5.9,1.03,11.7,446.0
16.5,66.4,11.7,15.8,11.7,3.6,0.97,13.5,548.0
29.3,67.0,53.8,67.0,18.1,13.3,1.3,9.1,336.0
25.8,47.3,9.4,error_value,34.1,6.4,1.92,5.3,367.0
55.0,63.0,29.4,49.3,35.5,???,2.49,2.7,785.0
26.5,58.1,10.7,15.0,24.3,2.5,0.98,13.0,220.0
36.0,43.9,???,76.1,31.1,7.7,1.34,5.1,488.0
35.2,72.0,3.6,11.4,29.4,10.2,1.39,6.5,737.0
44.2,101.0,2.6,10.2,30.3,24.3,1.91,3.5,408.0
34.9,84.1,1.5,20.1,22.5,2.5,2.15,3.6,646.0
27.3,75.6,2.1,7.7,24.4,14.2,2.12,6.7,665.0
27.6,69.4,2.9,9.9,12.4,2.0,0.97,13.2,375.0
27.4,67.7,15.8,19.3,22.7,6.8,0.83,11.6,546.0
29.4,93.8,10.3,22.7,45.1,11.8,2.03,5.4,486.0
32.2,76.4,0.0,10.3,24.0,11.0,1.49,5.9,347.0
34.9,69.9,10.7,17.5,23.0,12.0,1.28,6.9,720.0
32.1,53.0,12.2,25.4,35.7,10.4,1.63,6.6,518.0
27.4,63.0,11.0,21.1,23.2,9.6,1.27,6.6,333.0
47.0,63.5,82.5,101.4,41.3,24.7,2.46,2.9,582.0
19.2,69.6,5.6,15.1,15.2,4.8,1.08,10.6,509.0
29.3,75.2,43.5,48.7,22.7,7.7,1.61,11.8,9570.0
33.4,98.5,42.7,57.5,47.9,14.3,2.66,2.6,788.0
33.7,72.7,139.4,159.9,33.1,22.8,2.28,5.6,576.0
35.6,88.7,62.0,75.5,28.9,13.2,1.34,5.1,534.0
28.4,71.7,13.3,15.0,16.8,8.2,1.11,11.4,360.0
21.7,76.4,20.8,25.5,20.9,2.8,0.95,10.1,506.0
28.9,52.7,0.3,6.5,15.7,5.7,1.14,11.9,568.0
24.7,55.3,11.2,15.3,12.5,6.6,0.99,17.5,200.0
37.3,75.5,12.5,21.1,18.3,9.7,1.49,8.9,622.0
27.1,61.5,24.0,29.4,45.5,14.3,2.19,4.3,806.0
22.9,80.0,12.1,18.3,23.8,2.5,1.09,12.8,189.0
38.5,92.3,1.9,12.7,33.6,13.8,2.99,4.9,848.0
25.0,77.9,2.1,8.6,12.3,-0.3,1.09,14.1,269.0
20.1,64.4,1.5,8.0,14.0,7.6,0.85,10.8,512.0
26.2,79.1,28.3,31.9,21.7,7.6,0.93,11.1,230.0
37.1,53.3,37.3,51.0,25.9,10.0,0.98,9.0,473.0
25.8,76.6,8.6,16.5,22.4,6.2,0.99,16.7,514.0
33.8,68.6,29.9,42.3,20.9,22.2,2.31,3.8,430.0
34.1,55.0,12.0,30.7,28.3,22.7,1.64,3.4,684.0
17.4,45.0,1.8,5.9,20.4,5.7,0.86,10.5,311.0
31.5,62.0,75.4,82.5,22.7,19.2,1.55,5.9,642.0
29.3,67.5,1.9,5.0,12.1,4.5,1.12,11.0,576.0
17.2,75.7,22.8,29.4,23.7,2.3,1.11,10.7,389.0
37.3,88.5,139.8,150.6,26.7,,1.75,3.7,668.0
26.7,73.0,16.5,20.1,27.1,7.0,0.99,11.2,error_value
27.2,55.1,16.5,23.0,24.2,4.8,0.8,12.9,303.0
21.5,65.3,13.8,19.2,12.5,5.7,1.05,11.2,230.0
27.4,58.0,2.9,7.0,25.8,2.3,1.0,10.4,562.0
48.4,89.1,14.7,32.7,52.0,0.0,2.59,2.6,664.0
45.7,74.1,80.8,96.8,46.9,14.6,2.4,3.6,618.0
28.2,65.2,30.0,40.9,15.7,9.2,1.5,5.4,541.0
45.6,78.7,3.4,25.3,34.0,11.5,2.41,,503.0
26.9,67.4,4.4,12.5,31.9,11.2,1.69,5.8,311.0
34.4,75.8,7.2,22.6,35.5,12.0,1.42,9.5,582.0
50.1,108.2,43.1,63.3,53.7,15.2,1.94,7.6,722.0
28.2,71.4,9.2,25.5,34.0,6.2,2.35,3.2,594.0
33.0,79.0,1.0,23.0,37.8,19.9,1.84,6.8,651.0
38.3,83.2,58.8,79.5,32.7,14.0,1.55,4.6,709.0
26.8,41.9,8.4,13.8,,6.2,1.06,14.4,494.0
22.0,71.9,6.8,9.7,24.7,7.3,1.06,10.5,542.0
31.5,76.0,3.3,10.1,32.2,9.5,1.44,9.3,389.0
24.2,80.6,21.4,29.9,24.5,9.9,1.82,5.9,334.0
24.6,65.7,0.7,3.7,15.4,5.5,1.08,10.4,211.0
26.6,45.9,14.2,20.1,23.5,3.2,1.23,14.0,454.0
27.6,73.5,18.0,24.3,24.2,5.3,0.8,17.7,311.0
32.0,80.6,9.7,19.5,31.0,3.9,1.52,6.0,567.0
26.5,76.9,2.5,7.6,19.6,4.5,1.0,11.3,500.0
27.5,68.3,0.4,6.2,27.0,9.3,1.12,11.6,465.0
25.1,53.9,3.0,10.4,15.6,5.9,0.89,11.0,201.0
22.2,57.5,3.6,5.6,16.7,7.6,0.86,11.6,460.0
38.3,73.3,15.0,29.6,38.1,14.1,2.32,4.2,373.0
35.0,72.3,38.4,47.6,28.4,5.5,1.24,7.6,640.0
29.3,80.3,99.6,112.3,22.8,12.5,1.46,6.6,486.0
29.4,51.6,29.3,40.2,27.9,11.2,1.72,5.8,591.0
27.0,74.2,3.4,15.0,33.6,6.3,1.39,10.6,515.0
29.7,85.8,84.4,94.4,26.7,19.8,1.55,10.0,744.0
17.6,46.1,11.3,15.6,14.2,7.4,0.9,11.7,591.0
34.9,80.9,21.4,32.8,50.8,16.6,2.11,3.8,797.0
19.5,48.2,1.0,7.4,18.7,6.8,0.92,10.7,305.0
32.2,79.4,4.0,11.0,32.9,10.9,1.25,9.5,651.0
23.0,51.2,17.3,22.3,13.6,2.5,0.84,13.2,444.0
32.0,69.6,8.1,23.1,33.8,7.5,1.48,10.0,575.0
25.5,59.6,5.6,12.0,11.6,7.6,1.01,12.4,582.0
32.5,69.6,38.3,48.2,33.7,10.6,1.24,6.1,358.0
38.1,80.9,20.4,53.0,39.5,26.8,2.27,3.2,613.0
45.6,98.3,28.0,43.8,32.1,14.9,2.18,3.2,680.0
30.0,66.1,17.3,25.3,30.5,6.0,1.55,8.0,482.0
23.1,67.0,2.3,8.1,18.7,7.7,1.13,10.7,543.0
23.6,49.7,10.3,14.0,17.9,5.5,0.87,10.9,595.0
27.6,53.6,7.1,10.4,28.4,4.5,0.87,10.3,591.0
18.5,57.3,7.7,11.1,22.8,4.7,1.1,10.2,600.0
25.5,66.7,45.1,51.2,18.8,3.7,0.92,10.4,574.0
23.4,54.7,10.2,12.8,11.4,4.5,1.13,10.9,362.0
39.0,76.1,9.4,22.0,37.0,14.4,2.45,6.2,533.0
25.2,66.5,20.7,25.0,24.3,4.0,0.88,14.2,297.0
43.7,89.5,5.3,18.6,36.3,7.7,1.83,4.0,656.0
33.9,94.5,16.6,42.2,41.7,18.5,2.4,8.1,421.0
30.2,63.7,16.6,29.7,30.1,15.1,1.75,6.0,297.0
22.8,76.0,12.3,22.0,27.1,12.2,1.54,12.1,577.0
21.9,69.6,7.1,9.6,24.7,2.6,1.11,12.7,423.0
28.7,78.9,26.8,38.0,36.2,6.2,1.69,5.4,484.0
47.0,95.3,3.0,23.4,36.3,24.4,2.4,3.4,582.0
27.4,76.3,10.4,14.1,10.3,5.4,0.91,10.3,328.0
26.6,56.6,6.9,16.4,25.5,6.4,1.09,5.7,327.0
28.4,75.9,17.2,27.6,15.5,7.1,1.15,11.1,338.0
28.9,49.8,0.3,1.5,20.5,8.5,1.13,11.4,485.0
24.6,53.5,0.1,4.1,15.0,6.2,1.09,11.8,380.0
25.3,59.4,5.2,10.7,22.1,3.6,1.08,10.5,317.0
29.7,55.6,28.0,45.2,24.5,7.9,1.25,5.9,471.0
29.9,67.5,1.6,8.5,30.0,12.8,1.45,5.1,615.0
28.9,65.5,1.2,4.7,24.0,3.7,1.02,10.6,534.0
34.3,102.4,38.8,58.4,40.4,12.8,2.09,2.7,811.0
39.1,59.5,47.6,57.2,30.6,16.8,-3.72,3.8,450.0
24.7,83.6,64.0,84.5,47.3,12.1,1.69,4.2,630.0
25.3,40.1,,12.3,15.8,3.9,0.99,12.2,375.0
31.6,54.6,1.0,7.7,18.8,3.2,1.05,11.1,208.0
39.2,73.7,23.5,44.1,???,15.4,2.49,3.0,787.0
30.2,86.5,6.2,20.8,35.9,18.1,2.03,4.8,420.0
24.7,55.9,18.5,23.2,18.6,2.7,0.94,10.5,365.0
31.6,61.9,46.9,46.9,17.9,4.0,1.46,5.4,339.0
18.8,72.3,8.8,12.2,18.7,3.2,0.85,13.1,498.0
31.6,84.6,102.4,137.1,49.3,15.6,2.11,3.8,777.0
26.7,52.8,27.3,31.8,15.6,1.9,0.89,11.9,318.0
32.4,82.2,11.2,16.0,26.0,4.5,1.45,6.8,601.0
31.1,59.7,29.0,47.1,24.9,10.2,2.17,4.4,822.0
38.2,63.2,37.1,49.7,32.6,26.1,2.27,7.2,590.0
34.3,89.5,9.4,15.6,28.4,9.4,1.48,6.0,505.0
20.1,41.7,3.6,8.2,23.2,9.1,0.97,10.4,370.0
29.0,70.1,28.8,40.1,23.1,0.8,1.54,7.0,531.0
33.4,52.7,53.5,63.4,26.5,10.0,1.32,12.4,329.0
26.2,62.3,5.9,9.6,23.6,8.6,1.4,7.9,685.0
20.0,53.3,3.7,12.9,26.1,6.6,1.09,10.2,538.0
42.2,79.3,44.7,65.4,29.9,21.2,2.26,2.9,523.0
41.9,100.5,93.8,116.9,41.8,4.7,2.75,6.9,827.0
22.7,68.4,14.6,25.8,26.5,3.0,1.37,5.4,321.0
25.7,57.2,7.5,14.7,14.8,2.6,1.08,14.0,319.0
40.1,70.3,9.9,29.4,38.0,15.9,1.68,4.0,581.0
29.6,46.2,0.8,4.4,26.8,3.6,1.03,11.9,300.0
43.2,98.2,6.1,32.9,42.3,19.8,2.26,4.1,797.0
25.3,50.3,11.5,16.8,23.7,6.7,0.89,10.7,349.0
25.7,78.3,1.2,8.0,18.5,5.3,1.09,16.4,526.0
43.0,83.1,58.2,80.2,34.7,9.1,1.88,6.0,375.0
34.3,48.9,18.1,27.7,29.2,5.4,1.65,5.6,304.0
30.4,80.0,10.6,17.9,19.3,3.8,0.87,12.5,464.0
38.4,73.3,78.9,94.5,23.9,23.0,2.03,4.1,615.0
35.9,77.2,14.9,21.1,29.4,12.3,1.5,5.4,489.0
27.1,46.8,26.3,34.7,16.5,6.6,0.92,10.6,428.0
26.0,85.9,0.6,12.5,25.0,6.1,2.0,6.5,544.0
23.1,67.4,11.5,26.7,18.0,10.9,1.83,6.5,332.0
50.6,96.3,42.0,61.6,33.6,33.9,1.97,3.0,477.0
28.3,71.1,16.1,19.8,19.0,3.2,0.97,10.1,256.0
24.8,41.0,4.7,11.8,13.7,2.5,0.94,13.5,538.0
32.2,42.8,24.8,37.3,26.9,16.8,1.16,5.8,453.0
31.4,76.2,4.6,20.9,26.2,11.3,1.49,6.8,296.0
31.4,70.0,19.8,30.5,28.6,13.3,,14.6,364.0
21.9,80.0,1.1,6.0,21.8,11.4,1.77,6.5,642.0
30.8,53.9,6.9,21.5,26.0,5.8,1.44,5.4,447.0
23.5,74.5,1.7,5.9,25.3,4.9,1.01,12.4,312.0
33.3,82.6,1.2,5.6,30.1,5.9,1.32,5.9,310.0
error_value,67.4,12.1,19.7,22.3,7.5,1.75,5.1,514.0
27.2,46.0,4.5,8.3,24.2,6.1,1.06,12.5,545.0
33.3,66.3,13.6,25.8,19.3,12.9,1.41,8.4,460.0
41.5,96.7,30.7,47.9,34.0,15.8,2.02,3.4,584.0
27.0,45.3,1.8,14.1,34.1,11.4,1.64,6.5,615.0
21.5,69.6,0.3,4.7,10.0,4.9,0.96,14.2,388.0
27.8,86.2,4.0,17.4,22.2,11.0,1.57,5.3,662.0
31.2,75.9,57.6,80.4,38.9,28.6,2.15,3.4,463.0
23.0,75.6,4.9,7.0,12.7,3.8,1.05,10.7,???
27.5,45.4,31.3,34.7,14.0,7.1,1.04,11.3,573.0
17.8,61.3,2.0,8.0,25.2,5.0,1.09,10.2,372.0
30.2,62.7,3.8,11.4,13.6,7.5,1.02,15.0,270.0
35.3,75.4,8.0,27.1,37.3,9.0,1.82,21.6,696.0
17.4,43.7,10.8,,25.0,1.5,0.83,10.2,515.0
45.2,93.2,51.2,79.2,35.4,23.3,2.16,3.7,565.0
24.6,54.3,23.1,28.1,29.8,14.9,1.32,6.9,638.0
28.0,56.8,5.2,8.9,26.6,8.6,1.04,10.8,593.0
32.2,70.0,1649.0,52.4,38.0,4.6,1.64,6.7,402.0
23.6,51.6,29.8,38.9,18.5,6.1,1.01,13.8,391.0
30.5,81.0,44.5,60.7,33.6,11.2,1.5,6.8,564.0
26.1,81.9,9.5,19.1,36.1,14.8,1.62,5.9,455.0
40.4,59.6,5.1,17.0,30.5,11.7,1.35,8.9,673.0
29.4,76.2,12.9,28.0,27.0,13.9,1.58,7.8,696.0
29.6,53.4,2.6,9.9,22.2,4.6,1.09,13.7,297.0
25.0,87.3,49.8,70.3,35.2,15.4,2.85,4.7,680.0
33.0,93.1,68.7,92.0,30.2,27.9,3.01,5.3,400.0
34.1,53.4,31.9,44.3,28.7,16.6,1.54,7.5,622.0
31.0,55.7,3.8,5.4,17.5,2.9,1.16,11.8,332.0
30.3,82.2,64.0,77.0,25.2,9.1,1.16,6.1,338.0
21.1,47.7,22.5,26.8,18.5,6.1,1.1,12.2,492.0
36.7,81.2,17.3,37.3,32.9,17.5,1.9,4.0,445.0
31.7,106.5,14.7,21.2,33.0,18.0,1.98,4.1,661.0
31.2,71.9,56.5,74.2,29.9,11.8,2.14,4.0,602.0
27.4,67.5,32.7,40.7,21.2,4.6,1.57,error_value,458.0
32.3,68.8,4.3,6.5,28.1,9.4,1.5,5.1,438.0
26.7,66.0,0.5,5.4,20.9,-0.6,0.87,10.1,422.0
25.1,61.9,10.8,17.0,13.3,1.1,0.87,10.7,401.0
40.4,99.5,1.0,7.8,35.6,20.2,1.97,4.1,458.0
32.4,95.7,0.7,5.8,43.0,21.2,1.87,3.9,525.0
33.2,73.4,5.5,11.1,16.2,2.1,1.01,10.4,405.0
36.3,57.5,15.0,,36.2,17.1,2.36,3.7,446.0
22.7,89.6,19.5,35.4,27.0,10.8,1.37,6.3,632.0
42.0,63.2,36.7,69.0,39.7,11.9,2.49,3.4,798.0
23.3,65.7,16.9,28.6,22.4,12.0,1.35,9.1,297.0
30.6,83.3,60.1,74.4,30.7,13.3,1.64,6.9,452.0
22.7,78.2,7.4,7.5,19.8,5.2,0.86,10.2,255.0
21.3,63.9,6.1,8.0,25.7,15.7,1.35,8.0,610.0
24.7,69.8,5.7,8.5,26.4,2.9,1.15,12.4,443.0
,55.9,15.9,22.9,16.0,8.3,1.07,10.6,329.0
36.7,78.7,31.3,69.8,30.7,21.1,1.95,4.1,749.0
31.0,80.4,3.3,13.9,29.6,7.1,1.31,7.1,353.0
21.8,73.4,12.1,12.0,26.2,6.6,1.04,25.8,224.0
30.2,77.2,34.4,44.0,33.6,12.7,1.34,6.4,372.0
22.2,66.7,1.6,8.2,14.1,7.8,0.99,10.4,544.0
26.0,54.9,16.6,22.4,21.3,7.0,1.02,12.2,210.0
25.3,42.3,10.7,13.0,11.9,2.3,1.0,10.2,381.0
36.7,75.1,19.7,40.7,38.1,26.6,2.67,11.5,875.0
21.6,50.3,3.0,6.7,22.7,3.3,1.0,10.1,???
24.0,55.5,4.1,5.7,12.7,4.3,0.89,13.9,545.0
21.2,64.0,0.8,7.1,15.7,4.7,0.87,13.1,456.0
23.0,50.7,1.1,5.0,24.8,2.1,1.12,12.4,593.0
27.3,75.8,51.0,59.3,23.5,7.9,1.77,5.2,542.0
28.6,50.0,2.4,8.1,24.5,4.3,1.71,7.3,337.0
26.2,36.9,4.4,10.8,26.0,3.2,1.0,21.8,221.0
28.0,67.3,116.2,126.2,26.6,4.8,???,5.7,307.0
30.0,69.2,2.0,3.9,15.3,5.2,1.09,10.1,297.0
32.9,63.2,13.1,24.0,23.1,4.1,1.32,11.1,522.0
28.9,69.2,9.7,20.5,29.3,6.5,1.29,5.0,552.0
26.6,70.9,5.9,18.2,26.9,11.7,1.5,5.3,573.0
28.4,66.1,35.2,50.0,24.8,7.8,1.2,6.5,311.0
34.2,67.0,12.5,24.2,23.8,6.9,1.51,5.6,518.0
36.6,93.3,46.6,54.0,29.8,19.6,2.12,4.7,624.0
21.5,,4.2,10.4,22.1,-0.1,0.95,10.9,447.0
22.1,79.6,1.6,4.1,20.1,3.8,1.02,14.7,376.0
31.5,89.3,5.7,16.1,19.6,2.9,1.59,7.5,424.0
34.2,99.4,8.9,32.0,32.3,7.9,1.71,3.3,601.0
23.4,42.5,1.9,6.4,20.6,4.3,1.19,11.3,493.0
29.4,73.1,11.7,28.0,24.5,13.2,1.51,8.0,459.0
30.1,77.9,2.7,4.7,11.4,3.4,0.96,11.5,235.0
39.7,82.2,2.2,11.8,25.6,9.4,2.2,4.1,562.0
24.3,59.4,2.9,9.1,12.2,1.8,1.07,10.1,411.0
27.9,45.8,1.7,4.8,16.1,2.4,0.95,11.8,486.0
27.5,40.4,9.0,14.2,15.8,4.5,1.16,10.3,373.0
26.5,41.4,6.8,11.8,26.6,6.4,0.88,12.4,383.0
34.7,87.7,44.8,46.0,35.8,11.9,2.11,4.5,473.0
29.6,71.8,14.3,23.4,31.9,19.9,1.42,8.6,571.0
20.0,79.1,1.4,3.5,22.5,4.8,0.89,10.3,407.0
36.0,75.3,43.4,59.5,35.1,22.1,1.97,3.6,468.0
31.5,73.6,55.0,68.7,22.3,12.5,1.35,6.2,417.0
23.9,79.8,35.5,48.2,25.8,11.1,1.77,8.8,441.0
29.4,62.3,7.4,14.9,25.6,8.2,1.53,11.1,337.0
38.1,82.6,5.1,13.8,25.0,9.9,1.5,6.7,582.0
32.0,74.9,43.3,45.5,28.8,9.5,1.42,7.8,598.0
25.6,80.7,15.7,18.4,15.3,8.1,0.94,12.4,341.0
24.7,73.9,8.1,16.0,26.4,5.1,0.98,11.0,352.0
28.2,87.5,2.8,10.6,27.0,8.3,1.77,5.0,538.0
39.1,91.6,139.5,154.6,49.8,17.7,3.32,5.9,566.0
31.8,68.4,6.7,12.6,23.8,8.3,0.86,10.3,326.0
18.9,41.8,4.4,10.2,25.7,1.9,0.96,10.1,564.0
23.6,47.8,3.8,6.4,???,3.3,1.09,10.4,209.0
26.2,64.8,3.2,11.1,24.5,8.6,0.89,10.3,427.0
31.8,62.9,116.1,127.6,30.0,10.2,2.26,3.8,790.0
35.5,90.9,36.7,48.4,35.8,17.5,2.23,11.8,519.0
14.4,45.8,44.3,49.1,15.4,1.6,0.87,10.8,486.0
27.9,39.7,2.3,8.1,22.2,6.3,1.0,10.2,430.0
30.3,86.8,16.4,30.2,38.2,22.4,2.39,5.7,479.0
28.7,63.2,10.7,16.8,22.0,6.4,0.76,15.0,319.0
36.6,68.4,28.3,42.4,44.2,6.6,2.11,3.8,726.0
25.7,51.5,27.7,30.9,15.1,6.7,1.02,12.0,360.0
32.0,75.0,2.5,12.8,32.3,4.3,1.39,5.6,546.0
35.5,82.5,2.5,13.1,21.4,11.7,1.33,6.2,692.0
34.4,77.4,43.8,68.2,45.2,9.8,3.31,2.8,737.0
26.3,74.5,12.7,18.3,21.1,1.1,1.01,13.1,365.0
32.8,90.8,3.6,15.0,33.4,25.2,1.6,4.0,643.0
29.4,75.1,11.9,20.3,26.6,9.1,1.04,20.0,443.0
22.2,75.7,19.0,20.7,20.1,5.3,1.03,10.7,316.0
40.6,74.1,116.0,126.7,45.5,25.7,2.11,2.8,765.0
23.5,50.8,0.6,6.7,13.3,3.1,0.95,14.1,564.0
20.5,71.3,4.6,9.7,19.5,7.4,1.07,11.4,298.0
34.0,60.0,28.4,38.5,26.8,14.4,2.1,3.7,391.0
33.5,78.0,9.1,30.0,38.1,10.9,2.08,3.7,539.0
26.9,63.4,4.7,10.2,19.4,7.5,1.03,11.0,368.0
29.5,79.8,12.8,error_value,33.2,13.3,1.1,5.9,389.0
24.6,76.5,13.9,21.6,20.0,5.9,1.11,10.8,414.0
32.5,72.1,26.5,42.4,35.3,2.0,1.94,5.6,510.0
30.8,88.9,27.8,32.7,31.2,13.5,1.68,5.6,494.0
32.2,66.7,22.8,34.7,29.6,17.6,2.69,9.1,441.0
28.1,96.9,6.9,25.0,25.3,10.8,1.54,5.7,709.0
32.7,88.6,21.4,45.0,28.7,11.7,1.96,6.0,482.0
18.9,57.2,6.0,9.6,19.3,1.1,0.93,12.4,409.0
32.1,62.6,47.9,59.1,30.0,7.9,1.48,7.1,414.0
41.7,97.8,2.5,7.6,47.9,27.3,2.16,2.5,688.0
23.1,64.3,3.9,18.3,29.5,13.8,1.5,8.3,444.0
31.5,66.1,1.5,9.5,23.4,8.2,1.39,6.6,691.0
24.5,61.3,1.7,5.2,22.3,4.8,0.97,10.8,548.0
27.7,59.6,6.5,10.3,15.1,6.5,1.0,11.5,314.0
41.1,70.0,30.3,40.1,36.4,7.6,2.51,5.0,647.0
31.4,78.7,7.7,14.3,38.1,17.5,1.75,5.4,549.0
32.2,91.3,0.3,26.5,19.7,27.9,1.88,3.3,661.0
38.8,75.4,114.4,140.5,27.8,16.1,2.45,14.7,783.0
28.0,55.2,12.4,21.2,27.7,3.7,0.99,10.6,467.0
27.1,69.3,2.0,7.7,16.0,5.0,1.07,11.1,501.0
39.0,96.8,50.1,61.3,48.3,29.6,2.64,3.4,755.0
31.4,73.5,3.8,11.4,30.4,2.5,1.69,8.8,618.0
22.6,47.3,1.8,9.0,22.5,5.0,1.17,11.2,433.0
35.0,58.7,0.6,7.1,19.9,13.2,1.58,5.1,361.0
28.4,75.5,13.1,26.9,20.0,14.1,1.72,5.8,402.0
27.6,61.5,0.0,4.5,25.1,4.3,1.07,11.0,536.0
44.7,75.6,6.6,error_value,25.7,23.5,2.1,4.1,643.0
26.1,,2.8,11.0,15.4,8.7,1.08,11.2,574.0
25.6,69.6,3.4,9.3,23.0,6.0,0.73,10.2,554.0
29.2,40.9,15.4,20.0,27.1,2.9,1.04,11.1,438.0
26.4,76.0,16.0,32.9,31.8,10.6,2.15,4.8,548.0
39.4,101.1,16.6,36.8,49.8,30.4,2.01,3.6,789.0
40.3,66.1,11.8,21.0,43.4,15.8,2.02,6.2,824.0
21.3,53.4,16.1,22.3,19.3,3.7,0.98,11.8,314.0
30.7,64.6,7.9,23.1,30.7,19.0,1.39,16.6,399.0
29.2,70.3,3.5,8.1,16.7,3.7,1.05,10.8,585.0
24.8,60.1,0.1,1.7,17.5,5.9,0.99,13.3,457.0
24.8,39.8,58.4,68.2,26.5,3.7,0.93,16.5,397.0
35.6,95.7,13.9,30.0,37.6,12.1,2.0,12.3,552.0
33.8,71.4,35.9,59.1,36.1,15.0,1.74,3.6,619.0
43.1,116.3,104.3,136.6,36.6,15.8,3.72,5.4,688.0
26.1,error_value,0.0,5.9,18.7,9.7,0.82,10.4,556.0
34.2,106.5,32.9,49.0,26.7,18.9,2.08,8.4,770.0
29.3,error_value,1.5,1.9,13.1,3.5,1.07,10.6,455.0
24.2,56.3,9.6,16.3,15.3,5.0,1.04,12.9,387.0
25.7,63.6,11.8,21.3,31.8,10.9,1.62,7.0,492.0
27.7,51.3,0.5,22.9,29.1,14.0,1.68,3.8,470.0
25.0,45.7,0.1,3.6,14.3,7.9,1.03,10.7,316.0
27.7,72.6,99.7,102.3,31.2,7.1,1.21,5.2,506.0
38.2,69.1,37.4,49.4,21.7,10.0,1.82,5.1,540.0
25.0,56.6,3.9,10.9,16.5,4.0,1.06,11.1,583.0
27.8,47.6,31.6,35.3,21.8,6.4,1.13,14.0,591.0
34.0,75.9,10.0,18.0,30.4,5.2,1.57,5.2,356.0
30.9,87.1,17.6,32.2,42.7,19.2,1.88,7.6,511.0
22.1,75.2,3.2,8.8,14.8,3.6,1.03,15.2,424.0
32.1,80.5,0.6,13.3,25.9,20.0,1.59,9.0,403.0
33.7,96.3,70.8,87.3,32.9,17.0,2.33,4.8,557.0
27.3,???,3.0,8.6,10.5,7.1,0.96,10.8,426.0
21.4,60.3,17.6,22.3,15.8,5.7,0.98,11.6,284.0
33.8,68.4,24.4,30.4,25.6,7.7,1.26,5.4,599.0
29.0,64.4,23.5,23.1,,17.3,2.13,5.0,560.0
23.2,40.5,3.0,6.5,21.1,6.4,0.94,11.4,337.0
21.2,72.7,13.9,21.1,23.4,5.1,0.87,11.7,207.0
24.7,64.9,17.3,37.0,27.2,14.9,1.48,5.5,453.0
26.6,44.6,16.5,21.6,17.1,6.6,0.98,13.7,555.0
28.0,80.2,27.7,28.8,34.3,12.3,1.55,6.2,631.0
39.2,47.2,7.8,13.0,31.6,12.5,1.85,8.8,371.0
29.2,60.6,1.7,16.0,32.7,13.3,1.91,7.2,637.0
29.5,67.3,5.1,11.7,20.5,3.6,1.11,11.2,379.0
22.6,76.4,15.6,,24.2,4.7,1.04,12.6,430.0
29.4,53.6,5.6,15.9,28.9,8.5,1.61,8.9,384.0
29.9,45.5,6.8,14.3,19.4,9.4,0.98,11.5,536.0
27.5,49.8,1.3,9.3,24.8,8.5,1.11,10.7,589.0
24.9,76.0,error_value,41.6,16.2,17.7,1.49,6.0,612.0
26.7,54.1,4.7,16.1,21.0,6.3,1.24,5.7,613.0
34.0,83.2,19.3,39.1,45.1,21.0,2.28,9.9,496.0
37.2,91.9,0.1,14.3,39.2,21.2,1.6,3.5,435.0
33.9,94.5,8.9,15.1,33.2,11.7,1.89,4.3,680.0
27.8,83.3,13.5,30.5,568.0,0.7,1.64,5.4,653.0
28.0,83.9,20.9,error_value,21.3,11.1,1.56,5.7,442.0
22.5,67.1,2.9,9.5,16.5,8.5,1.17,12.6,226.0
37.0,100.4,19.8,34.2,32.7,15.8,2.18,3.9,745.0
25.6,78.1,1.1,5.2,21.3,6.1,0.89,10.9,524.0
33.2,90.6,42.9,57.2,22.4,13.0,2.44,7.5,497.0
22.4,46.5,7.1,12.7,27.8,3.4,0.92,10.9,473.0
27.6,51.3,6.0,12.7,32.6,6.4,1.44,5.1,386.0
26.4,76.1,16.6,21.8,20.2,5.7,1.73,5.3,633.0
46.0,80.1,8.2,40.2,30.8,15.3,2.55,7.9,584.0
29.1,93.2,8.0,19.3,35.6,25.8,1.72,4.2,473.0
36.4,???,35.3,30.1,28.7,6.4,1.1,5.7,312.0
24.0,51.2,14.1,16.5,26.0,7.4,0.97,10.2,264.0
28.2,71.7,75.2,90.0,30.8,5.0,1.81,4.8,765.0
29.5,62.3,3.4,12.5,17.9,6.7,1.05,10.5,439.0
29.1,79.2,3.8,12.6,29.2,-0.5,1.7,6.0,436.0
32.3,82.0,8.8,18.7,29.8,14.7,2.03,5.7,600.0
33.7,98.2,51.8,64.9,???,8.9,2.29,6.4,685.0
34.4,85.0,39.8,43.4,22.9,7.6,2.3,4.3,630.0
26.7,48.8,20.7,26.9,11.6,5.3,0.97,10.6,385.0
24.2,62.9,15.3,21.3,20.4,4.5,1.08,13.3,317.0
25.2,88.9,22.3,44.2,34.1,17.5,2.33,4.4,578.0
21.7,51.6,7.1,9.7,21.9,2.7,0.96,10.2,247.0
42.8,61.5,13.8,22.2,31.0,9.1,1.97,5.5,637.0
33.2,60.0,54.5,65.5,20.2,7.9,1.42,9.0,418.0
25.9,71.0,22.1,21.8,14.4,2.3,0.93,12.5,314.0
32.0,63.8,53.7,62.1,27.2,6.8,1.49,17.1,345.0
28.9,99.1,29.9,46.2,42.8,6.1,1.99,4.7,594.0
22.8,92.7,22.5,44.6,27.9,26.1,2.32,4.3,732.0
43.3,62.8,8.0,21.7,31.1,10.2,2.51,4.7,429.0
34.3,84.1,12.2,21.4,17.4,13.6,1.29,5.9,626.0
23.9,73.6,2.0,12.0,18.5,3.2,1.08,11.1,239.0
36.0,70.7,69.5,78.1,29.1,16.2,2.28,7.2,420.0
22.6,59.5,2.1,9.3,12.4,7.5,0.95,12.5,451.0
24.0,86.0,35.5,50.3,29.5,7.0,1.56,5.1,586.0
31.0,66.8,8.7,16.8,25.0,22.1,1.4,5.9,798.0
32.2,63.2,0.9,8.3,22.3,5.7,1.44,5.8,504.0
17.0,47.4,10.1,16.5,24.7,2.7,1.02,11.0,555.0
44.4,70.0,13.0,26.5,36.2,9.2,1.89,2.7,685.0
30.1,54.7,5.2,7.2,30.1,18.6,1.65,5.8,520.0
27.4,67.4,10.8,32.6,51.6,25.2,2.88,2.6,846.0
28.7,55.1,20.5,23.6,17.3,2.6,0.86,11.9,347.0
23.5,61.4,10.9,17.5,14.3,4.4,0.87,14.3,443.0
23.7,39.2,6.9,13.2,21.8,3.8,0.94,11.8,576.0
19.8,76.1,15.9,20.4,25.3,4.2,1.01,10.3,357.0
37.6,80.6,8.5,17.8,25.0,15.2,1.65,4.1,768.0
28.9,75.0,17.8,26.6,20.0,17.2,1.53,6.9,346.0
24.2,54.1,3.3,6.3,17.4,9.8,1.11,14.6,428.0
29.7,81.9,2.8,12.1,34.9,14.3,1.69,5.4,464.0
26.7,50.1,33.2,43.6,26.9,11.5,1.23,10.8,651.0
24.7,65.1,1.2,4.0,23.4,3.1,1.03,11.1,461.0
34.1,76.6,6.5,21.3,30.6,12.5,2.12,7.3,421.0
24.3,77.6,16.9,29.0,34.7,8.9,1.22,9.0,316.0
30.3,68.3,18.8,29.0,23.9,11.2,???,9.6,456.0
26.5,78.9,6.3,18.5,34.9,11.6,1.95,5.0,555.0
32.3,46.7,20.8,34.7,30.4,11.4,1.33,5.3,677.0
33.8,50.4,15.2,25.0,23.5,7.9,1.71,6.1,407.0
42.9,71.5,30.4,49.9,39.1,18.6,3.22,4.4,715.0
50.4,93.5,17.1,33.7,42.7,17.6,2.56,3.1,610.0
29.4,91.6,30.7,43.7,31.1,5.4,1.67,7.6,565.0
41.9,84.4,75.7,99.5,30.0,17.5,2.32,3.0,680.0
23.6,53.4,13.5,20.5,15.8,2.5,0.98,11.3,235.0
24.9,79.2,5.5,12.2,21.3,4.6,1.0,11.9,225.0
34.1,74.6,27.0,47.6,22.4,27.2,2.57,3.5,732.0
31.8,99.2,11.7,43.7,38.0,10.0,2.86,2.7,810.0
45.6,82.4,13.1,27.8,24.8,13.8,1.37,5.5,408.0
29.2,63.7,0.2,11.0,24.3,18.3,1.3,11.8,574.0
28.8,76.7,16.8,23.8,25.5,4.1,1.09,11.7,376.0
23.3,49.0,29.4,36.6,12.6,6.6,0.82,10.7,362.0
27.1,70.2,2.0,6.2,23.0,3.5,1.0,10.1,271.0
31.5,66.9,4.6,14.6,24.7,19.7,2.47,error_value,761.0
27.1,111.8,2.6,30.7,32.7,23.2,1.93,6.3,691.0
44.9,66.4,10.6,34.3,38.5,19.3,2.53,3.0,575.0
25.0,63.9,9.3,10.8,15.8,4.6,0.92,10.1,490.0
24.2,69.5,6.0,9.9,9.9,4.7,0.97,10.5,461.0
22.9,74.4,0.0,1.9,15.7,3.7,0.9,10.3,390.0
34.4,95.4,76.0,95.5,20.8,13.0,2.78,6.2,657.0
23.1,60.0,86.4,95.6,28.8,7.9,1.11,5.5,506.0
19.6,47.2,0.9,7.5,23.2,3.8,1.02,10.5,380.0
42.7,70.1,123.7,128.1,28.7,2.4,1.89,4.2,765.0
20.5,80.3,12.6,25.9,33.0,11.4,1.44,6.1,433.0
44.2,79.7,4.9,23.6,34.4,18.1,1.76,4.1,724.0
23.4,77.4,25.1,28.6,26.1,5.7,1.09,12.0,201.0
40.3,73.4,11.3,29.9,31.4,25.3,2.11,3.9,380.0
39.9,78.7,71.9,85.2,39.7,16.3,2.54,3.3,957.0
22.0,51.1,26.0,27.3,23.0,8.2,1.03,14.4,384.0
23.8,68.8,21.8,29.6,14.6,5.3,0.89,10.9,583.0
31.9,70.1,5.5,17.5,44.2,17.2,1.65,4.1,506.0
error_value,53.1,13.8,15.0,21.5,4.1,1.06,14.5,276.0
32.4,75.3,17.7,27.4,34.1,10.1,1.54,9.7,611.0
35.1,82.5,3.8,13.0,45.4,3.9,2.24,3.7,703.0
23.6,40.4,10.7,14.1,26.6,7.4,1.03,14.7,319.0
24.7,70.3,3.2,11.1,23.1,6.6,0.88,10.3,593.0
44.5,81.7,85.6,107.6,34.2,34.9,2.45,7.5,682.0
21.8,72.4,4.0,7.5,19.4,-0.3,1.15,12.2,490.0
39.0,60.5,31.6,37.0,44.0,20.1,2.3,5.1,406.0
24.4,57.1,1.6,5.3,16.7,7.9,1.02,16.4,228.0
21.8,70.4,16.5,22.3,24.1,1.9,0.94,12.3,420.0
21.6,45.0,15.0,17.5,15.1,0.4,1.1,10.3,487.0
29.6,46.6,5.1,16.2,27.0,7.0,1.93,7.6,364.0
30.6,94.9,10.5,34.9,26.5,12.1,2.44,6.0,444.0
28.7,41.0,5.9,10.7,19.7,8.0,1.01,11.6,387.0
23.7,55.9,27.7,37.2,16.2,2.1,1.03,12.1,307.0
44.9,82.7,33.8,51.4,32.1,14.7,2.49,3.8,514.0
26.0,76.0,79.0,83.4,19.6,10.1,1.48,12.6,501.0
28.8,82.8,25.1,43.8,25.7,25.7,1.85,4.2,623.0
32.9,47.3,37.9,46.2,20.1,3.9,1.47,10.3,419.0
34.7,86.9,8.1,41.3,34.5,35.7,3.35,2.7,673.0
29.5,85.9,13.6,33.2,18.7,14.4,1.78,6.6,397.0
29.8,75.8,1.1,19.5,29.7,4.0,1.78,6.3,402.0
32.2,57.0,22.8,34.4,25.7,5.8,1.5,7.0,509.0
43.5,89.6,20.9,46.8,41.5,14.2,2.31,5.0,594.0
24.2,55.2,11.6,28.8,24.8,9.9,1.5,7.8,350.0
37.8,65.8,4.5,19.8,17.2,9.4,1.43,6.2,495.0
27.4,67.4,3.6,10.7,28.0,3.1,1.06,12.5,424.0
33.2,72.0,4.1,16.3,24.8,6.6,2.02,5.9,662.0
28.5,57.3,18.4,34.9,32.7,13.9,2.54,5.0,486.0
37.6,81.2,28.1,56.6,46.7,13.7,1.85,4.1,560.0
23.1,,3.2,7.3,12.9,5.9,1.03,11.9,295.0
31.9,91.7,5.0,6.8,24.8,16.8,2.05,3.5,828.0
26.8,52.0,14.8,20.5,26.8,2.2,0.76,10.9,395.0
28.7,59.3,6.3,16.3,22.3,5.7,1.03,10.8,213.0
39.0,107.1,23.9,45.0,46.1,25.8,2.65,3.4,756.0
23.8,40.2,8.8,12.3,27.9,6.9,1.0,11.1,
29.6,46.4,14.2,16.9,11.8,6.5,1.0,11.8,382.0
24.0,43.4,5.4,9.5,15.8,1.7,0.98,11.0,441.0
31.3,100.0,11.1,35.6,39.1,35.8,1.95,2.8,754.0
26.3,58.7,2.6,6.5,23.8,6.4,0.99,11.2,530.0
44.8,113.0,30.2,52.0,41.5,23.3,2.53,3.3,677.0
25.6,87.4,23.6,32.3,29.2,3.1,1.59,6.2,582.0
39.8,82.0,14.1,22.2,32.7,12.8,1.26,5.3,457.0
26.7,100.1,3.9,18.1,30.7,15.5,1.62,3.7,457.0
28.9,58.3,2.7,11.8,22.8,5.2,1.39,8.9,449.0
26.0,76.0,1.0,4.5,13.1,2.7,1.09,10.2,248.0
30.4,48.7,0.1,6.6,24.2,9.1,1.63,6.1,536.0
33.6,57.0,3.4,8.2,17.6,3.5,1.12,13.1,297.0
22.9,72.1,12.5,18.3,32.9,7.7,1.74,5.7,706.0
24.2,41.3,1.1,6.0,12.3,7.8,1.16,10.4,601.0
23.8,50.1,11.6,16.5,14.1,3.6,0.91,10.5,483.0
31.8,64.1,56.6,67.9,36.6,17.6,2.13,5.4,479.0
20.2,58.0,2.8,5.5,17.2,1.8,1.01,13.3,312.0
21.7,65.2,26.3,33.3,13.9,2.5,0.96,11.0,278.0
30.0,76.4,16.2,18.9,15.9,6.3,1.05,,315.0
22.6,75.1,0.1,5.2,11.7,7.7,0.94,11.4,264.0
35.2,67.4,32.5,44.7,28.7,7.7,2.64,3.7,654.0
23.6,72.3,0.8,13.8,26.4,11.0,1.68,6.2,543.0
34.6,73.0,21.1,47.9,38.7,21.2,2.64,5.6,704.0
26.6,72.4,30.3,31.5,22.5,4.4,1.05,11.8,320.0
25.5,49.5,16.6,20.5,24.3,2.8,0.94,10.4,227.0
39.3,79.2,30.6,44.5,34.0,22.1,2.02,4.6,619.0
24.3,92.5,25.8,32.4,30.8,13.7,1.69,6.0,268.0
21.6,75.4,32.4,44.1,34.8,15.7,1.09,3.5,580.0
25.8,58.8,0.3,10.3,25.0,9.9,1.62,9.9,622.0
25.2,85.8,47.2,55.6,25.4,11.5,1.35,7.8,337.0
35.1,60.9,5.0,12.2,19.3,20.0,1.5,5.9,576.0
19.4,36.3,7.6,10.5,25.6,8.5,1.01,10.4,391.0
28.4,73.5,11.6,33.0,37.6,20.2,1.56,7.7,642.0
31.2,76.6,23.0,36.0,23.4,12.5,1.39,6.2,384.0
20.3,67.1,8.6,12.0,10.7,3.3,0.97,10.3,286.0
38.2,54.8,43.9,53.5,21.1,9.0,1.47,5.0,485.0
27.5,45.3,2.8,10.1,13.7,4.1,0.82,10.6,236.0
24.2,68.7,8.6,12.6,22.0,4.0,1.0,12.2,321.0
29.3,64.2,18.7,27.4,32.1,10.8,1.52,6.6,392.0
16.1,69.8,14.1,19.9,14.4,9.7,0.98,11.0,498.0
33.5,79.9,6.8,17.6,33.0,18.3,1.78,6.3,545.0
17.0,78.5,19.2,23.3,14.8,0.6,1.07,13.0,501.0
42.6,99.7,18.3,34.1,35.9,34.6,2.61,3.4,832.0
46.3,91.0,27.0,51.7,37.3,20.2,2.14,4.1,624.0
26.4,58.4,10.6,15.2,26.4,6.8,1.0,10.0,350.0
29.4,65.8,54.3,60.3,17.7,9.7,1.09,5.4,321.0
32.5,53.4,45.9,52.7,27.2,10.8,1.21,7.5,513.0
23.5,76.1,0.2,7.4,26.9,3.4,0.9,11.2,277.0
25.7,57.0,16.2,21.2,19.2,0.1,1.0,10.8,323.0
29.8,58.4,27.3,33.4,12.1,8.3,0.9,10.7,410.0
20.7,80.4,7.4,19.8,25.5,7.9,1.01,5.5,573.0
33.7,80.9,9.6,26.4,30.5,22.0,2.76,4.3,446.0
31.6,77.8,12.3,18.1,31.8,8.9,1.72,3.8,590.0
27.4,74.7,25.9,31.1,29.5,17.3,2.28,5.8,501.0
25.7,78.6,6.2,10.6,22.3,3.8,0.97,10.1,322.0
30.4,60.1,0.9,14.1,27.2,12.1,1.26,5.6,641.0
26.8,50.5,3.5,7.3,12.3,4.8,1.15,12.3,-957.0
29.4,64.5,0.7,4.7,16.4,4.7,1.1,11.1,520.0
27.0,87.3,10.8,18.7,24.2,10.7,1.47,6.3,327.0
23.7,62.5,1.1,7.4,15.1,5.7,1.09,14.8,???
39.2,???,31.4,53.8,30.3,31.8,2.69,3.7,565.0
26.7,57.9,50.0,59.6,26.3,9.4,1.68,6.3,541.0
29.6,76.8,33.8,40.2,13.1,3.6,1.16,12.6,326.0
44.1,95.4,52.5,85.7,27.2,8.2,2.2,,547.0
40.1,80.2,36.5,49.6,30.0,8.0,2.13,3.7,468.0
42.0,91.8,28.0,37.4,44.9,16.3,1.85,3.4,682.0
25.9,46.2,0.4,5.5,21.7,8.7,0.95,10.8,299.0
29.6,78.9,9.3,19.0,31.3,11.2,1.74,6.8,714.0
25.9,68.0,6.0,9.8,26.5,7.9,1.15,10.8,575.0
27.2,74.2,18.5,24.7,38.4,33.9,2.48,3.9,424.0
43.5,91.7,43.6,71.4,30.7,18.7,2.92,4.7,873.0
27.6,52.0,48.9,53.6,28.7,5.1,1.65,5.6,364.0
23.2,40.3,2.3,8.9,19.5,5.7,0.89,11.1,255.0
34.7,81.2,9.6,29.2,29.5,14.5,2.26,2.5,803.0
26.2,51.7,3.5,9.0,27.6,5.7,0.98,10.1,542.0
28.7,54.7,17.7,25.2,39.7,9.8,2.44,4.4,522.0
26.5,84.8,47.4,59.2,25.7,7.4,1.49,6.4,471.0
28.8,58.0,6.3,36.4,42.2,1.9,2.43,3.5,505.0
42.5,100.6,38.5,52.1,41.3,32.1,2.45,3.0,592.0
19.1,63.4,23.9,31.8,22.1,9.2,1.5,5.2,639.0
26.8,44.5,5.1,8.1,23.4,4.4,1.12,11.0,401.0
22.4,58.6,8.1,12.7,12.4,4.0,1.1,10.2,591.0
33.5,56.1,0.1,8.8,31.2,5.7,1.41,5.6,351.0
26.5,98.1,41.4,56.1,40.4,6.2,1.85,7.1,430.0
36.5,119.4,59.3,89.0,error_value,24.0,2.14,3.2,585.0
30.7,77.7,36.5,46.0,24.2,9.1,1.5,6.5,345.0
31.2,62.3,0.9,8.7,20.4,15.0,1.49,8.6,95700.0
32.0,70.7,8.4,11.3,24.5,6.1,1.6,8.2,382.0
35.6,65.8,21.8,36.3,30.3,9.2,1.6,5.1,691.0
24.0,49.5,4.8,15.5,19.6,7.2,1.02,10.2,608.0
25.6,42.7,5.4,8.4,19.3,4.6,0.92,10.3,418.0
26.7,54.6,3.1,7.1,29.9,9.1,1.44,9.6,509.0
27.4,52.2,14.5,18.2,12.9,2.5,1.13,11.1,560.0
28.7,77.3,23.1,24.7,12.1,7.6,1.02,10.7,577.0
26.1,67.9,19.4,21.4,16.0,-1.4,1.11,13.4,528.0
35.7,83.1,8.1,20.2,24.9,9.4,1.4,7.2,564.0
27.5,85.0,57.1,72.3,33.7,9.6,1.86,5.4,537.0
30.7,80.6,7.6,17.9,23.6,26.6,2.18,4.2,677.0
33.0,60.4,20.1,29.9,31.9,7.6,1.32,5.7,335.0
36.8,60.0,10.1,30.6,27.6,8.9,1.73,3.7,762.0
27.8,69.2,2.7,7.9,24.8,2.1,1.22,10.2,401.0
45.8,62.3,36.2,54.1,32.3,19.0,2.8,4.3,616.0
29.3,75.2,14.7,27.1,27.9,11.5,1.56,5.3,428.0
25.3,55.4,7.3,13.2,18.5,3.3,0.89,17.1,214.0
27.9,56.7,0.7,6.0,14.5,5.9,1.1,12.9,275.0
26.4,64.2,6.9,8.3,11.8,4.3,1.08,15.7,563.0
29.6,88.9,16.3,23.7,18.7,9.6,1.37,6.9,498.0
25.7,64.5,19.7,28.4,31.1,7.8,1.3,7.0,521.0
24.9,66.0,5.4,7.5,25.0,0.7,1.09,10.9,9570000.0
28.0,83.3,6.0,4.5,34.1,4.6,1.65,5.8,475.0
25.0,39.8,2.0,8.4,21.7,???,0.96,10.7,290.0
20.5,58.3,1.8,6.7,14.6,4.8,0.78,16.0,260.0
27.2,90.5,,22.7,26.6,12.8,1.29,7.6,616.0
33.5,110.4,34.0,49.8,30.4,2.6,2.06,4.2,706.0
30.2,56.8,0.2,4.7,24.6,10.2,1.49,5.3,696.0
31.0,78.0,1.5,5.7,20.0,4.7,1.02,11.0,279.0
38.5,96.6,1.0,29.0,56.8,25.8,3.02,5.7,571.0
27.4,67.7,36.3,42.0,27.0,19.6,1.35,7.4,511.0
29.8,90.6,5.0,34.0,35.8,9.8,1.78,10.6,492.0
50.2,69.1,0.4,24.1,41.5,21.9,2.82,7.3,883.0
22.0,51.9,5.5,9.8,15.0,7.3,0.88,12.0,601.0
37.2,98.9,37.7,57.5,54.3,30.6,2.45,5.1,572.0
25.9,76.9,27.2,33.0,22.2,4.9,0.9,11.6,336.0
39.3,92.3,16.0,36.1,51.6,23.9,2.3,7.3,476.0
24.2,69.8,0.4,5.8,20.1,15.8,1.27,7.2,568.0
29.1,71.8,1.6,3.0,23.7,5.6,1.05,12.2,514.0
28.8,50.2,2.9,8.0,20.7,5.0,1.08,11.6,209.0
25.3,44.4,21.4,29.0,23.7,5.7,0.89,11.6,241.0
27.3,78.1,8.6,7.8,13.8,5.6,1.06,11.0,447.0
25.1,45.2,5.6,10.3,14.7,error_value,1.01,12.0,566.0
32.0,79.0,117.8,127.8,39.4,28.4,2.75,9.2,774.0
35.5,100.3,3.2,22.2,38.7,16.2,1.74,7.9,717.0
33.9,76.5,3.5,8.3,21.9,10.8,1.4,5.1,345.0
36.2,97.0,72.7,95.2,33.5,10.9,2.25,4.9,432.0
20.2,58.7,49.8,55.5,25.3,6.3,0.94,15.1,589.0
28.9,62.4,4.8,10.7,17.7,4.3,0.86,12.1,296.0
26.5,51.7,0.7,5.3,10.7,7.1,1.05,10.2,555.0
21.4,65.3,9.9,12.7,25.5,2.5,1.01,11.7,295.0
35.4,54.8,2.3,6.2,16.5,7.2,1.03,10.9,490.0
27.3,53.4,6.7,13.6,24.0,6.7,0.99,10.6,208.0
32.2,65.9,1.3,20.9,46.3,21.0,1.82,4.8,634.0
16.9,72.9,1.3,0.2,27.6,6.4,0.97,13.7,339.0
25.5,81.0,1.1,9.9,31.2,12.3,1.77,5.9,572.0
34.4,90.8,12.5,27.0,29.4,9.8,1.47,11.0,477.0
37.2,102.1,20.6,36.4,37.9,24.6,3.07,4.1,508.0
21.5,83.1,19.3,25.4,12.9,3.2,1.13,10.5,335.0
38.0,77.7,49.8,65.9,42.7,17.2,2.02,6.2,750.0
37.2,73.0,36.6,64.7,48.2,20.6,1.94,4.0,514.0
27.8,74.4,13.2,22.2,22.8,6.5,1.69,5.4,422.0
22.7,58.8,16.0,21.7,14.8,4.5,0.95,10.0,324.0
39.1,79.9,7.9,19.7,34.6,10.7,1.71,5.5,609.0
34.2,51.9,4.1,11.6,14.5,5.4,1.17,10.2,421.0
23.5,67.6,0.2,4.3,24.5,6.4,1.19,14.6,412.0
28.0,45.2,7.3,9.7,24.1,2.2,1.13,12.7,286.0
27.0,43.9,6.7,12.3,11.3,6.2,0.95,10.7,279.0
44.4,99.7,1.9,4.2,33.4,6.3,2.88,4.9,710.0
40.5,76.1,52.1,80.9,35.7,10.5,2.88,7.3,640.0
25.2,60.0,6.8,12.0,25.3,3.8,1.02,11.2,509.0
33.8,81.1,7.3,21.3,38.8,22.0,2.35,6.3,693.0
23.7,50.0,13.4,22.0,21.2,16.8,2.07,8.1,588.0
38.7,116.9,33.1,53.6,46.0,26.2,2.46,8.2,834.0
39.4,57.0,11.2,26.3,28.7,20.4,2.01,3.8,468.0
28.1,65.8,3.1,8.6,14.6,5.2,0.86,10.9,370.0
28.6,72.9,13.8,19.3,19.7,2.9,0.98,10.4,575.0
39.8,78.5,21.5,41.4,32.3,29.5,2.5,5.8,790.0
26.3,63.5,5.1,10.9,14.6,6.4,1.13,15.9,593.0
25.8,62.0,6.4,8.2,24.8,6.1,0.98,12.1,379.0
35.0,61.0,15.4,29.4,31.8,40.7,2.66,4.8,733.0
25.9,55.8,21.4,29.3,23.4,9.6,1.17,5.7,612.0
44.0,104.8,22.5,48.3,35.8,12.4,2.03,3.4,627.0
32.4,73.0,2.9,13.8,23.4,7.2,1.76,6.9,315.0
17.4,56.5,2.6,6.9,21.0,3.5,0.92,11.6,475.0
24.9,60.1,???,16.7,22.5,2.6,0.97,15.5,589.0
32.3,77.3,28.8,54.3,21.8,11.2,2.21,5.0,478.0
32.2,62.7,1.5,7.6,19.7,4.3,0.95,10.3,348.0
24.9,74.3,12.8,15.1,19.2,7.2,0.96,10.3,496.0
32.4,88.5,37.8,57.3,48.5,21.2,2.23,3.4,769.0
27.7,62.4,0.2,4.6,15.3,5.7,???,13.3,239.0
26.4,51.1,0.7,3.6,27.8,9.6,1.09,10.9,281.0
43.0,64.7,12.3,21.3,29.6,6.6,1.72,7.1,619.0
44.8,101.8,146.3,164.9,38.8,10.8,2.36,2.8,586.0
37.8,73.1,0.2,26.8,37.5,25.7,1.28,2.8,631.0
46.7,84.2,1.6,26.6,36.5,13.4,3.04,8.0,506.0
35.9,87.0,26.4,34.1,29.2,17.2,1.33,6.5,619.0
22.7,77.3,71.0,77.5,40.1,9.6,1.63,3.5,608.0
24.9,56.5,2.4,7.0,18.6,6.1,1.12,13.7,333.0
23.1,39.7,23.4,27.8,20.4,9.6,1.06,10.5,???
37.9,71.0,5.6,21.0,49.8,34.5,3.0,5.0,537.0
26.5,45.3,9.4,15.0,13.1,0.4,0.99,11.0,224.0
34.2,97.3,15.2,26.6,30.9,11.0,1.74,7.1,681.0
32.3,75.4,81.6,111.5,35.8,17.3,1.84,4.5,454.0
33.1,72.0,30.3,48.8,???,11.8,1.12,6.2,341.0
25.1,42.2,5.7,11.7,16.5,1.5,0.93,10.2,249.0
29.4,64.4,42.5,55.4,23.3,15.8,1.43,7.2,356.0
40.7,64.4,4.0,16.3,30.0,11.1,1.55,6.8,504.0
23.9,43.0,12.2,17.2,14.1,7.2,0.93,10.5,333.0
41.2,93.9,12.4,31.2,31.3,18.7,2.16,5.5,568.0
44.3,81.8,58.8,67.8,39.8,11.3,2.51,9.0,795.0
23.2,60.9,3.7,4.0,14.5,4.2,1.02,13.9,381.0
31.9,93.9,32.7,44.6,38.8,16.7,2.52,3.4,564.0
22.9,57.4,15.9,22.8,20.6,7.5,0.91,10.4,336.0
27.7,73.5,8.4,16.1,32.7,9.3,1.48,5.2,638.0
25.4,76.7,10.3,19.4,22.7,10.5,1.19,7.8,609.0
36.0,65.6,7.3,21.8,24.2,13.9,1.99,5.9,393.0
39.2,83.5,17.6,36.2,27.7,19.4,1.74,3.5,480.0
28.8,72.7,49.8,74.8,41.0,15.6,2.0,5.2,482.0
35.6,87.7,16.8,22.6,24.8,4.0,1.21,11.3,605.0
24.3,44.2,9.5,12.5,18.8,-0.2,0.83,10.6,341.0
38.5,88.0,11.7,28.5,25.2,20.0,1.3,4.3,693.0
26.3,52.6,3.7,8.9,27.3,7.8,1.03,10.8,246.0
21.5,59.8,8.6,12.6,20.3,5.5,1.08,10.1,470.0
41.5,94.0,62.1,79.4,30.0,20.0,2.8,7.8,547.0
25.0,68.6,9.8,13.2,23.1,4.2,0.98,11.1,578.0
25.3,61.9,21.7,28.6,11.2,0.2,0.99,13.4,542.0
31.1,52.6,23.6,27.8,26.9,4.3,1.56,6.6,416.0
25.5,57.8,1.4,7.7,33.0,9.5,1.96,6.9,481.0
24.6,64.6,17.1,20.3,20.5,6.7,0.9,10.5,355.0
31.0,53.4,5.7,13.7,36.4,9.1,1.51,8.4,671.0
29.1,52.6,14.0,18.7,17.6,7.7,1.04,10.4,456.0
43.3,59.3,62.2,74.7,33.0,19.2,2.44,3.6,801.0
26.0,81.8,8.4,20.4,28.8,5.6,1.49,5.5,596.0
37.1,100.9,3.5,19.9,46.0,18.4,2.08,6.6,473.0
28.4,51.8,8.3,16.6,20.4,2.4,0.98,11.0,549.0
26.3,52.6,22.2,25.4,18.7,4.6,0.93,10.6,326.0
33.4,85.5,55.9,60.9,36.0,10.2,1.64,3.7,698.0
29.6,54.4,9.0,12.0,14.3,5.1,1.08,11.1,438.0
37.8,97.2,0.6,24.6,37.1,11.7,1.13,7.7,803.0
29.0,79.2,66.5,82.1,25.8,16.7,1.51,5.3,575.0
24.4,60.7,0.0,4.6,26.6,5.3,0.92,10.2,432.0
35.1,95.2,39.8,74.7,43.3,30.7,2.55,5.2,610.0
29.8,60.2,10.7,19.8,24.9,12.4,2.0,error_value,472.0
27.8,79.0,16.6,24.0,25.5,5.2,1.06,10.3,359.0
26.8,60.5,1.3,9.1,16.4,4.6,0.94,11.5,359.0
27.0,82.3,67.5,72.3,29.4,20.6,1.53,5.5,673.0
29.3,86.8,62.8,74.6,23.6,13.1,1.62,5.1,
34.7,79.4,64.5,88.3,36.1,20.4,3.1,10.1,425.0
38.9,66.3,3.7,24.0,28.9,2.8,2.24,3.6,673.0
41.6,91.4,13.0,27.3,,8.7,3.35,5.2,844.0
32.2,87.1,48.1,64.2,29.7,15.3,1.44,5.3,666.0
27.7,73.4,10.8,17.0,19.4,3.7,0.98,12.9,324.0
24.9,83.7,12.1,20.4,30.8,7.6,1.3,7.6,516.0
29.7,46.7,0.4,12.9,33.2,4.5,1.63,5.2,541.0
40.0,63.2,14.9,24.0,27.4,7.0,1.51,6.4,569.0
23.0,53.6,0.3,4.9,24.6,4.8,1.02,10.3,581.0
22.9,57.2,66.5,80.9,25.4,6.9,1.53,5.3,682.0
25.8,55.8,18.9,26.4,19.9,7.3,1.0,12.0,579.0
28.1,67.7,26.4,34.1,22.8,4.9,0.86,13.6,238.0
24.9,64.4,10.9,15.2,14.0,4.4,1.12,10.5,354.0
27.7,56.4,31.4,36.7,13.6,5.6,1.02,12.6,335.0
27.1,69.5,1.2,3.2,23.2,5.5,0.98,15.4,338.0
38.2,82.1,8.4,26.5,24.6,7.4,2.6,5.2,696.0
42.9,53.3,0.6,14.2,19.7,9.4,1.7,7.2,604.0
30.0,78.0,9.7,14.5,15.5,7.2,1.05,,554.0
26.7,61.6,12.9,21.1,20.3,7.5,0.99,10.7,577.0
23.3,81.8,27.0,34.6,33.4,14.0,1.65,5.3,505.0
34.0,91.8,12.8,42.5,38.3,4.8,1.76,4.2,633.0
22.8,52.5,10.8,16.0,15.5,9.5,1.07,11.2,489.0
41.4,86.0,25.7,35.8,39.6,4.8,1.99,6.1,449.0
22.8,62.2,21.4,29.9,23.0,0.5,1.46,6.8,638.0
32.1,80.3,13.7,28.6,37.0,14.9,1.76,4.7,807.0
30.4,98.7,21.6,29.6,35.1,12.7,2.13,4.0,625.0
33.6,72.6,24.5,31.2,24.1,14.8,1.3,6.7,489.0
37.1,84.7,31.7,57.6,28.8,19.6,2.25,7.5,672.0
23.2,51.7,49.0,56.7,17.7,21.3,1.59,7.4,621.0
28.9,70.9,33.0,38.7,13.7,4.1,0.89,11.0,486.0
28.1,50.3,3.8,14.1,21.0,12.7,1.52,6.3,496.0
30.6,58.2,8.8,13.1,17.5,14.4,1.35,6.3,328.0
26.3,66.5,14.7,24.2,14.6,4.2,1.06,15.6,373.0
25.1,50.6,1.0,4.6,21.6,6.2,1.1,10.1,388.0
30.7,61.2,2.6,15.9,20.5,4.2,1.77,5.3,449.0
42.5,109.7,19.8,45.8,24.2,18.3,2.81,4.9,873.0
27.7,66.3,12.1,16.9,23.3,6.2,1.06,10.7,287.0
31.6,86.5,17.9,23.5,28.0,8.6,1.72,5.4,370.0
44.9,100.1,4.9,29.7,42.0,9.1,3.11,4.5,600.0
27.5,64.2,0.4,7.4,14.0,1.9,1.02,14.0,201.0
43.2,110.8,36.4,55.4,42.4,16.8,2.38,4.6,531.0
20.0,78.2,1.8,5.5,13.9,7.8,1.03,11.1,560.0
27.9,104.7,7.3,17.6,28.4,17.3,2.43,5.0,505.0
36.0,87.5,1.1,21.3,43.5,1.8,2.63,4.0,514.0
24.1,45.4,0.6,3.0,15.1,2.6,1.14,13.0,513.0
26.1,88.5,33.9,41.7,37.4,14.5,1.17,7.7,542.0
39.4,69.0,7.3,27.6,36.2,4.2,2.19,7.1,428.0
31.6,102.7,80.5,96.9,35.0,1.7,2.0,4.4,630.0
26.2,74.2,5.5,11.7,17.3,3.6,0.83,10.2,383.0
25.5,85.4,13.3,26.0,-568.0,9.6,1.54,6.6,662.0
29.9,74.6,5.4,10.0,18.3,3.4,0.98,12.7,263.0
42.6,106.6,82.4,97.2,50.6,16.0,3.17,2.8,719.0
27.3,42.1,0.8,9.0,26.0,9.1,1.11,10.9,201.0
35.0,60.9,3.3,8.2,27.0,15.3,1.41,7.0,684.0
23.9,43.8,0.3,7.9,26.4,5.3,0.98,11.8,415.0
31.7,88.3,13.1,26.0,33.2,18.5,2.09,4.5,722.0
27.9,51.1,1.3,5.3,15.0,6.1,1.01,11.7,587.0
37.3,94.3,67.5,84.0,42.4,27.5,1.94,5.6,863.0
26.7,60.0,7.1,11.0,20.2,5.9,1.01,10.8,349.0
24.5,65.2,8.3,14.3,15.0,5.4,1.0,11.2,
27.1,67.9,30.7,41.4,18.9,3.9,0.94,11.4,563.0
31.9,70.7,20.2,28.7,29.2,9.7,1.39,6.4,689.0
28.2,75.8,164.9,168.7,22.9,15.4,1.53,5.5,346.0
37.8,86.3,11.9,33.1,34.5,14.6,2.14,7.9,535.0
30.2,77.9,28.8,37.8,31.5,6.9,1.5,9.1,356.0
30.4,72.1,33.4,43.0,16.9,2.9,1.04,10.3,570.0
30.3,70.8,4.2,9.9,21.9,5.5,1.16,11.2,401.0
46.8,93.8,11.8,25.4,33.8,28.7,3.27,3.7,589.0
18.8,54.5,8.8,13.6,20.1,6.0,0.97,10.5,494.0
24.4,66.2,2.9,8.6,20.8,5.6,,13.1,467.0
28.1,51.8,36.0,40.3,26.4,5.4,1.15,10.8,264.0
38.8,83.1,25.9,30.6,32.1,17.5,2.58,4.9,638.0
37.8,77.0,7.7,30.7,56.4,16.6,3.09,2.6,674.0
31.8,49.6,35.1,41.7,13.8,0.6,1.17,10.1,428.0
27.1,66.8,0.1,5.2,23.1,6.4,0.99,12.7,417.0
33.5,70.8,8.1,16.3,22.0,15.9,1.63,5.1,527.0
error_value,60.1,12.1,18.9,9.9,4.4,0.92,10.2,205.0
25.6,61.4,8.9,8.8,18.1,5.4,1.07,12.1,593.0
36.2,77.1,35.3,43.9,20.4,14.4,1.38,5.6,599.0
26.9,40.0,15.7,18.9,14.2,4.1,1.17,10.7,598.0
20.9,74.5,1.0,8.1,10.5,1.5,0.9,10.5,278.0
41.9,75.7,0.7,19.2,43.8,19.6,2.7,2.8,771.0
23.7,66.3,11.8,14.4,12.2,1.9,0.79,12.0,248.0
17.5,45.0,21.2,25.9,14.3,5.3,0.78,12.1,492.0
27.1,56.4,52.6,60.5,26.8,7.7,1.33,11.9,428.0
23.5,62.3,6.9,13.9,18.3,4.1,0.92,11.4,196.0
25.4,44.4,0.4,7.0,22.9,3.7,1.16,10.3,451.0
24.2,89.0,???,31.7,34.3,10.9,1.46,5.8,623.0
31.2,75.2,56.6,62.7,23.7,15.6,1.4,5.8,480.0
20.5,62.5,5.4,8.9,25.7,8.0,1.12,10.7,463.0
22.9,78.0,15.2,18.3,16.9,2.3,1.17,14.1,263.0
31.5,95.4,24.3,41.3,35.5,34.3,2.52,3.2,790.0
37.3,77.6,20.0,22.4,30.0,14.8,1.92,4.5,516.0
38.4,87.7,38.4,63.6,45.4,17.0,2.49,3.7,637.0
19.7,42.8,13.1,20.8,21.3,3.5,0.96,11.3,452.0
38.3,86.8,38.0,50.8,22.5,7.1,1.41,5.4,311.0
28.2,61.2,1.2,10.9,22.7,7.1,1.86,8.6,501.0
23.6,49.1,17.4,24.3,25.4,2.0,0.91,12.3,433.0
22.9,74.8,9.5,15.1,21.6,4.8,1.11,13.7,525.0
28.1,85.3,1.6,18.3,32.0,7.5,1.37,7.9,521.0
37.3,68.2,4.3,20.8,40.3,20.0,2.01,5.4,681.0
26.5,error_value,4.7,14.1,18.0,1.7,0.94,12.0,457.0
34.7,82.4,8.3,35.2,42.3,19.6,1.09,3.8,761.0
34.7,61.7,30.8,38.5,44.7,26.7,2.31,6.4,436.0
34.2,81.2,30.3,40.5,31.5,19.6,1.48,5.5,551.0
49.1,93.0,57.2,85.2,36.9,22.3,2.77,3.6,623.0
42.6,94.6,17.9,30.1,44.3,4.0,1.91,2.6,525.0
21.0,93.8,6.3,19.4,37.5,13.6,2.18,3.9,669.0
24.1,47.7,15.6,17.9,17.7,2.9,1.02,12.9,426.0
28.6,45.2,6.2,11.4,24.0,3.6,0.93,12.5,212.0
25.7,64.4,13.8,25.0,21.4,14.9,1.54,6.6,324.0
26.3,77.5,23.1,29.5,15.1,3.7,0.92,10.4,399.0
22.0,69.7,32.0,34.7,28.9,3.8,1.21,10.6,239.0
35.5,86.0,75.7,86.8,19.8,12.1,1.79,8.6,612.0
28.9,49.4,12.9,18.5,18.5,4.7,0.89,10.1,461.0
37.2,87.6,1.3,14.3,32.3,1.1,1.7,3.4,663.0
31.3,68.3,26.6,31.6,40.1,19.8,1.51,10.4,568.0
21.1,50.6,1.1,14.4,32.2,13.1,1.54,7.4,634.0
35.0,85.2,7.5,18.9,51.5,23.9,3.03,6.5,628.0
33.7,102.4,36.7,64.5,31.5,12.3,1.57,4.1,722.0
20.2,61.3,21.3,25.9,14.1,7.1,0.91,10.5,577.0
31.3,100.3,7.0,26.4,30.4,20.2,2.19,error_value,770.0
23.8,72.5,16.3,20.1,26.3,3.9,0.69,12.2,519.0
23.7,61.5,19.4,25.0,11.8,0.9,1.18,12.0,333.0
34.8,71.8,43.9,67.2,42.7,25.6,2.39,14.3,501.0
40.1,70.6,9.2,17.9,29.2,18.0,2.16,4.6,569.0
21.4,49.2,5.4,12.6,20.1,4.1,1.08,14.5,351.0
33.1,99.2,17.6,47.1,41.1,26.4,2.45,6.8,623.0
31.9,53.6,13.3,23.8,20.8,7.0,1.67,11.3,366.0
33.8,66.9,5.8,11.0,15.4,-1.2,1.06,14.4,298.0
48.4,91.7,24.0,42.3,37.5,29.3,2.35,2.9,924.0
32.8,58.9,30.1,52.0,33.6,22.4,1.73,3.4,476.0
25.0,50.9,4.9,11.4,23.4,2.8,1.1,13.7,196.0
27.6,83.3,128.5,138.4,27.9,4.9,1.17,5.1,571.0
22.2,79.3,39.8,49.8,22.4,5.6,1.49,5.5,351.0
33.8,67.8,5.3,6.6,21.4,9.9,1.24,7.5,376.0
22.6,61.0,18.8,25.7,15.0,2.2,1.02,14.7,298.0
30.9,92.5,24.3,29.7,34.9,18.0,1.64,9.1,678.0
27.8,83.6,23.7,37.3,26.1,8.2,1.22,7.4,420.0
30.6,107.4,35.4,53.4,31.2,23.4,1.73,5.6,631.0
